[{"model": "admin.logentry", "pk": 1, "fields": {"action_time": "2021-07-02T09:48:51.261Z", "user": 1, "content_type": 8, "object_id": "1", "object_repr": "johnge71@gmail.com", "action_flag": 2, "change_message": "[{\"changed\": {\"fields\": [\"Verified\", \"Primary\"]}}]"}}, {"model": "admin.logentry", "pk": 2, "fields": {"action_time": "2021-07-02T10:52:15.198Z", "user": 1, "content_type": 18, "object_id": "4", "object_repr": "Prestbury Phantoms Youth U11 Raiders vs Leckhampton Rovers Youth U11 All Stars", "action_flag": 2, "change_message": "[{\"changed\": {\"fields\": [\"Asst referee2\"]}}]"}}, {"model": "admin.logentry", "pk": 3, "fields": {"action_time": "2021-07-02T10:52:27.674Z", "user": 1, "content_type": 18, "object_id": "3", "object_repr": "Southside Star Youth U11 Pumas vs FC Lakeside Youth U11 Reds", "action_flag": 2, "change_message": "[{\"changed\": {\"fields\": [\"Asst referee2\"]}}]"}}, {"model": "admin.logentry", "pk": 4, "fields": {"action_time": "2021-07-02T10:53:27.025Z", "user": 1, "content_type": 18, "object_id": "4", "object_repr": "Prestbury Phantoms Youth U11 Raiders vs Leckhampton Rovers Youth U11 All Stars", "action_flag": 2, "change_message": "[{\"changed\": {\"fields\": [\"Referee\", \"Asst referee1\"]}}]"}}, {"model": "admin.logentry", "pk": 5, "fields": {"action_time": "2021-07-02T10:53:49.376Z", "user": 1, "content_type": 18, "object_id": "2", "object_repr": "Churchdown Panthers Youth U11 Blacks vs Winchcombe Town Youth U11", "action_flag": 2, "change_message": "[{\"changed\": {\"fields\": [\"Asst referee2\"]}}]"}}, {"model": "admin.logentry", "pk": 6, "fields": {"action_time": "2021-07-02T10:54:26.799Z", "user": 1, "content_type": 18, "object_id": "8", "object_repr": "Southside Star Youth U11 Pumas vs Prestbury Phantoms Youth U11 Raiders", "action_flag": 2, "change_message": "[{\"changed\": {\"fields\": [\"Asst referee1\", \"Asst referee2\"]}}]"}}, {"model": "admin.logentry", "pk": 7, "fields": {"action_time": "2021-07-02T10:54:37.034Z", "user": 1, "content_type": 18, "object_id": "25", "object_repr": "Southside Star Youth U11 Pumas vs Churchdown Panthers Youth U11 Blacks", "action_flag": 2, "change_message": "[{\"changed\": {\"fields\": [\"Asst referee1\", \"Asst referee2\"]}}]"}}, {"model": "admin.logentry", "pk": 8, "fields": {"action_time": "2021-07-02T10:55:03.078Z", "user": 1, "content_type": 18, "object_id": "26", "object_repr": "Bishops Cleeve Colts U11 Colts vs Winchcombe Town Youth U11", "action_flag": 2, "change_message": "[{\"changed\": {\"fields\": [\"Asst referee1\", \"Asst referee2\"]}}]"}}, {"model": "admin.logentry", "pk": 9, "fields": {"action_time": "2021-07-02T10:55:26.216Z", "user": 1, "content_type": 18, "object_id": "27", "object_repr": "Prestbury Phantoms Youth U11 Raiders vs Charlton Rovers Youth U11 Blues", "action_flag": 2, "change_message": "[{\"changed\": {\"fields\": [\"Asst referee1\", \"Asst referee2\"]}}]"}}, {"model": "admin.logentry", "pk": 10, "fields": {"action_time": "2021-07-02T10:55:36.801Z", "user": 1, "content_type": 18, "object_id": "28", "object_repr": "Leckhampton Rovers Youth U11 All Stars vs FC Lakeside Youth U11 Reds", "action_flag": 2, "change_message": "[{\"changed\": {\"fields\": [\"Asst referee1\", \"Asst referee2\"]}}]"}}, {"model": "admin.logentry", "pk": 11, "fields": {"action_time": "2021-07-02T10:56:08.080Z", "user": 1, "content_type": 18, "object_id": "21", "object_repr": "Prestbury Phantoms Youth U11 Raiders vs Bishops Cleeve Colts U11 Colts", "action_flag": 2, "change_message": "[{\"changed\": {\"fields\": [\"Asst referee1\", \"Asst referee2\"]}}]"}}, {"model": "admin.logentry", "pk": 12, "fields": {"action_time": "2021-07-02T10:56:22.568Z", "user": 1, "content_type": 18, "object_id": "22", "object_repr": "Southside Star Youth U11 Pumas vs Winchcombe Town Youth U11", "action_flag": 2, "change_message": "[{\"changed\": {\"fields\": [\"Asst referee1\", \"Asst referee2\"]}}]"}}, {"model": "admin.logentry", "pk": 13, "fields": {"action_time": "2021-07-02T10:56:39.508Z", "user": 1, "content_type": 18, "object_id": "23", "object_repr": "Leckhampton Rovers Youth U11 All Stars vs Churchdown Panthers Youth U11 Blacks", "action_flag": 2, "change_message": "[{\"changed\": {\"fields\": [\"Asst referee1\", \"Asst referee2\"]}}]"}}, {"model": "admin.logentry", "pk": 14, "fields": {"action_time": "2021-07-02T10:57:54.657Z", "user": 1, "content_type": 18, "object_id": "18", "object_repr": "Prestbury Phantoms Youth U11 Raiders vs Winchcombe Town Youth U11", "action_flag": 2, "change_message": "[{\"changed\": {\"fields\": [\"Asst referee1\", \"Asst referee2\"]}}]"}}, {"model": "admin.logentry", "pk": 15, "fields": {"action_time": "2021-07-02T10:58:12.646Z", "user": 1, "content_type": 18, "object_id": "19", "object_repr": "FC Lakeside Youth U11 Reds vs Bishops Cleeve Colts U11 Colts", "action_flag": 2, "change_message": "[{\"changed\": {\"fields\": [\"Asst referee1\", \"Asst referee2\"]}}]"}}, {"model": "admin.logentry", "pk": 16, "fields": {"action_time": "2021-07-02T10:58:24.609Z", "user": 1, "content_type": 18, "object_id": "20", "object_repr": "Charlton Rovers Youth U11 Blues vs Churchdown Panthers Youth U11 Blacks", "action_flag": 2, "change_message": "[{\"changed\": {\"fields\": [\"Asst referee1\", \"Asst referee2\"]}}]"}}, {"model": "admin.logentry", "pk": 17, "fields": {"action_time": "2021-07-02T10:58:55.653Z", "user": 1, "content_type": 18, "object_id": "13", "object_repr": "FC Lakeside Youth U11 Reds vs Prestbury Phantoms Youth U11 Raiders", "action_flag": 2, "change_message": "[{\"changed\": {\"fields\": [\"Asst referee1\", \"Asst referee2\"]}}]"}}, {"model": "admin.logentry", "pk": 18, "fields": {"action_time": "2021-07-02T10:59:54.728Z", "user": 1, "content_type": 18, "object_id": "14", "object_repr": "Leckhampton Rovers Youth U11 All Stars vs Winchcombe Town Youth U11", "action_flag": 2, "change_message": "[{\"changed\": {\"fields\": [\"Asst referee1\", \"Asst referee2\"]}}]"}}, {"model": "admin.logentry", "pk": 19, "fields": {"action_time": "2021-07-02T11:00:05.568Z", "user": 1, "content_type": 18, "object_id": "15", "object_repr": "Charlton Rovers Youth U11 Blues vs Southside Star Youth U11 Pumas", "action_flag": 2, "change_message": "[{\"changed\": {\"fields\": [\"Asst referee1\", \"Asst referee2\"]}}]"}}, {"model": "admin.logentry", "pk": 20, "fields": {"action_time": "2021-07-02T11:00:25.403Z", "user": 1, "content_type": 18, "object_id": "16", "object_repr": "Churchdown Panthers Youth U11 Blacks vs Bishops Cleeve Colts U11 Colts", "action_flag": 2, "change_message": "[{\"changed\": {\"fields\": [\"Asst referee1\", \"Asst referee2\"]}}]"}}, {"model": "admin.logentry", "pk": 21, "fields": {"action_time": "2021-07-02T11:01:05.075Z", "user": 1, "content_type": 18, "object_id": "9", "object_repr": "Charlton Rovers Youth U11 Blues vs Leckhampton Rovers Youth U11 All Stars", "action_flag": 2, "change_message": "[{\"changed\": {\"fields\": [\"Asst referee1\", \"Asst referee2\"]}}]"}}, {"model": "admin.logentry", "pk": 22, "fields": {"action_time": "2021-07-02T11:01:30.961Z", "user": 1, "content_type": 18, "object_id": "5", "object_repr": "Churchdown Panthers Youth U11 Blacks vs FC Lakeside Youth U11 Reds", "action_flag": 2, "change_message": "[{\"changed\": {\"fields\": [\"Asst referee1\", \"Asst referee2\"]}}]"}}, {"model": "admin.logentry", "pk": 23, "fields": {"action_time": "2021-07-02T11:01:49.618Z", "user": 1, "content_type": 18, "object_id": "6", "object_repr": "Charlton Rovers Youth U11 Blues vs Winchcombe Town Youth U11", "action_flag": 2, "change_message": "[{\"changed\": {\"fields\": [\"Asst referee1\", \"Asst referee2\"]}}]"}}, {"model": "admin.logentry", "pk": 24, "fields": {"action_time": "2021-07-02T11:02:00.274Z", "user": 1, "content_type": 18, "object_id": "7", "object_repr": "Bishops Cleeve Colts U11 Colts vs Leckhampton Rovers Youth U11 All Stars", "action_flag": 2, "change_message": "[{\"changed\": {\"fields\": [\"Asst referee1\", \"Asst referee2\"]}}]"}}, {"model": "admin.logentry", "pk": 25, "fields": {"action_time": "2021-07-02T12:07:20.977Z", "user": 1, "content_type": 22, "object_id": "1", "object_repr": "Competition object (1)", "action_flag": 1, "change_message": "[{\"added\": {}}]"}}, {"model": "admin.logentry", "pk": 26, "fields": {"action_time": "2021-07-06T12:22:38.773Z", "user": 1, "content_type": 18, "object_id": "11", "object_repr": "Churchdown Panthers Youth U11 Blacks vs Prestbury Phantoms Youth U11 Raiders", "action_flag": 2, "change_message": "[{\"changed\": {\"fields\": [\"Asst referee1\", \"Asst referee2\"]}}]"}}, {"model": "admin.logentry", "pk": 27, "fields": {"action_time": "2021-07-07T11:53:04.899Z", "user": 1, "content_type": 4, "object_id": "2", "object_repr": "CI_Admin", "action_flag": 2, "change_message": "[{\"changed\": {\"fields\": [\"Staff status\"]}}]"}}, {"model": "admin.logentry", "pk": 28, "fields": {"action_time": "2021-07-07T11:56:44.915Z", "user": 1, "content_type": 4, "object_id": "2", "object_repr": "CI_Admin", "action_flag": 2, "change_message": "[{\"changed\": {\"fields\": [\"Superuser status\"]}}]"}}, {"model": "admin.logentry", "pk": 29, "fields": {"action_time": "2021-07-07T11:56:56.524Z", "user": 1, "content_type": 8, "object_id": "2", "object_repr": "ci_admin@email.com", "action_flag": 2, "change_message": "[]"}}, {"model": "admin.logentry", "pk": 30, "fields": {"action_time": "2021-07-09T08:49:32.442Z", "user": 2, "content_type": 19, "object_id": "32", "object_repr": "B077CF02CFD5428A948E202EB9B14EF9", "action_flag": 3, "change_message": ""}}, {"model": "admin.logentry", "pk": 31, "fields": {"action_time": "2021-07-09T08:49:32.494Z", "user": 2, "content_type": 19, "object_id": "31", "object_repr": "0684D83466AE41419F9B4B23313E612C", "action_flag": 3, "change_message": ""}}, {"model": "admin.logentry", "pk": 32, "fields": {"action_time": "2021-07-09T08:49:32.529Z", "user": 2, "content_type": 19, "object_id": "30", "object_repr": "B4C037F57EED42AFADBC770F4C48D266", "action_flag": 3, "change_message": ""}}, {"model": "admin.logentry", "pk": 33, "fields": {"action_time": "2021-07-09T08:49:32.571Z", "user": 2, "content_type": 19, "object_id": "29", "object_repr": "78660D03D7DF44CCB5C5641CE6A41F11", "action_flag": 3, "change_message": ""}}, {"model": "admin.logentry", "pk": 34, "fields": {"action_time": "2021-07-09T08:49:32.610Z", "user": 2, "content_type": 19, "object_id": "28", "object_repr": "989A21C056D147C7AF694B9CB91B4591", "action_flag": 3, "change_message": ""}}, {"model": "admin.logentry", "pk": 35, "fields": {"action_time": "2021-07-09T08:49:32.644Z", "user": 2, "content_type": 19, "object_id": "27", "object_repr": "4B13E9C775774F8EB839EF4CE84ABCCC", "action_flag": 3, "change_message": ""}}, {"model": "admin.logentry", "pk": 36, "fields": {"action_time": "2021-07-09T08:49:32.685Z", "user": 2, "content_type": 19, "object_id": "26", "object_repr": "773AEE6C250D4945AB824F91EDED18A1", "action_flag": 3, "change_message": ""}}, {"model": "admin.logentry", "pk": 37, "fields": {"action_time": "2021-07-09T08:49:32.720Z", "user": 2, "content_type": 19, "object_id": "25", "object_repr": "0E223350DBD34A85AAECF61A39FA76A7", "action_flag": 3, "change_message": ""}}, {"model": "admin.logentry", "pk": 38, "fields": {"action_time": "2021-07-09T08:49:32.755Z", "user": 2, "content_type": 19, "object_id": "24", "object_repr": "7990758FDE7145A09A208B5101EC5C74", "action_flag": 3, "change_message": ""}}, {"model": "admin.logentry", "pk": 39, "fields": {"action_time": "2021-07-09T08:49:32.795Z", "user": 2, "content_type": 19, "object_id": "23", "object_repr": "048A5E32830E4BA6B73E417C244E9590", "action_flag": 3, "change_message": ""}}, {"model": "admin.logentry", "pk": 40, "fields": {"action_time": "2021-07-09T08:49:32.830Z", "user": 2, "content_type": 19, "object_id": "22", "object_repr": "40FEF19B5CF141A3896A4C7217741982", "action_flag": 3, "change_message": ""}}, {"model": "admin.logentry", "pk": 41, "fields": {"action_time": "2021-07-09T08:49:32.872Z", "user": 2, "content_type": 19, "object_id": "21", "object_repr": "0C2149479C1B47B1B6EA544F065C92D7", "action_flag": 3, "change_message": ""}}, {"model": "admin.logentry", "pk": 42, "fields": {"action_time": "2021-07-09T08:49:32.907Z", "user": 2, "content_type": 19, "object_id": "20", "object_repr": "FAA5B36EF8B445928FFEDE358EA086BB", "action_flag": 3, "change_message": ""}}, {"model": "admin.logentry", "pk": 43, "fields": {"action_time": "2021-07-09T08:49:32.942Z", "user": 2, "content_type": 19, "object_id": "19", "object_repr": "1E7FAB713C7149938E9549214160A267", "action_flag": 3, "change_message": ""}}, {"model": "admin.logentry", "pk": 44, "fields": {"action_time": "2021-07-09T08:49:32.985Z", "user": 2, "content_type": 19, "object_id": "18", "object_repr": "F66141C62CAD409687B17A77838E4B35", "action_flag": 3, "change_message": ""}}, {"model": "admin.logentry", "pk": 45, "fields": {"action_time": "2021-07-09T08:49:33.091Z", "user": 2, "content_type": 19, "object_id": "17", "object_repr": "91A8B1203F2A4701A0B569EF392BD5D1", "action_flag": 3, "change_message": ""}}, {"model": "admin.logentry", "pk": 46, "fields": {"action_time": "2021-07-09T08:49:33.128Z", "user": 2, "content_type": 19, "object_id": "16", "object_repr": "05179D135BF84D0AADB58C2C28A1E53E", "action_flag": 3, "change_message": ""}}, {"model": "admin.logentry", "pk": 47, "fields": {"action_time": "2021-07-09T08:49:33.168Z", "user": 2, "content_type": 19, "object_id": "15", "object_repr": "A81A120597474926B5B7F23A1CDB2AD8", "action_flag": 3, "change_message": ""}}, {"model": "admin.logentry", "pk": 48, "fields": {"action_time": "2021-07-09T08:49:33.207Z", "user": 2, "content_type": 19, "object_id": "14", "object_repr": "65A6BC6F3E2442089A308F75291C5096", "action_flag": 3, "change_message": ""}}, {"model": "admin.logentry", "pk": 49, "fields": {"action_time": "2021-07-09T08:49:33.243Z", "user": 2, "content_type": 19, "object_id": "13", "object_repr": "CE34ABF963EE46CCB00216F29BCA90F4", "action_flag": 3, "change_message": ""}}, {"model": "admin.logentry", "pk": 50, "fields": {"action_time": "2021-07-09T08:49:33.291Z", "user": 2, "content_type": 19, "object_id": "12", "object_repr": "6B2316C7A89B42F088F8EBA4CE077F87", "action_flag": 3, "change_message": ""}}, {"model": "admin.logentry", "pk": 51, "fields": {"action_time": "2021-07-09T08:49:33.330Z", "user": 2, "content_type": 19, "object_id": "11", "object_repr": "E73522F5213E4AC0A952E6687BF3273A", "action_flag": 3, "change_message": ""}}, {"model": "admin.logentry", "pk": 52, "fields": {"action_time": "2021-07-09T08:49:33.367Z", "user": 2, "content_type": 19, "object_id": "10", "object_repr": "BFCB71BE5A6C40D6B912FCF0DEACD613", "action_flag": 3, "change_message": ""}}, {"model": "admin.logentry", "pk": 53, "fields": {"action_time": "2021-07-09T08:49:33.409Z", "user": 2, "content_type": 19, "object_id": "9", "object_repr": "61683EDBB9D5407E9AD34750203DE862", "action_flag": 3, "change_message": ""}}, {"model": "admin.logentry", "pk": 54, "fields": {"action_time": "2021-07-09T08:49:33.448Z", "user": 2, "content_type": 19, "object_id": "8", "object_repr": "191020737D7044E5B8B609D3DCDBEA40", "action_flag": 3, "change_message": ""}}, {"model": "admin.logentry", "pk": 55, "fields": {"action_time": "2021-07-09T08:49:33.488Z", "user": 2, "content_type": 19, "object_id": "7", "object_repr": "5016BF1F45C345D4871B0C1DB448E6FC", "action_flag": 3, "change_message": ""}}, {"model": "admin.logentry", "pk": 56, "fields": {"action_time": "2021-07-09T08:49:33.523Z", "user": 2, "content_type": 19, "object_id": "6", "object_repr": "EDB1D4FC6DB944EDA7D4E89AD1828B86", "action_flag": 3, "change_message": ""}}, {"model": "admin.logentry", "pk": 57, "fields": {"action_time": "2021-07-09T08:49:33.557Z", "user": 2, "content_type": 19, "object_id": "5", "object_repr": "2727676F684A43DB82BEEB9AA90E836E", "action_flag": 3, "change_message": ""}}, {"model": "admin.logentry", "pk": 58, "fields": {"action_time": "2021-07-09T08:49:33.598Z", "user": 2, "content_type": 19, "object_id": "4", "object_repr": "548A28BF4D134060861FE0D634D9336C", "action_flag": 3, "change_message": ""}}, {"model": "admin.logentry", "pk": 59, "fields": {"action_time": "2021-07-09T08:49:33.633Z", "user": 2, "content_type": 19, "object_id": "3", "object_repr": "ACD56512C3A243BFAD205AC9C66DFFAB", "action_flag": 3, "change_message": ""}}, {"model": "admin.logentry", "pk": 60, "fields": {"action_time": "2021-07-09T08:49:33.672Z", "user": 2, "content_type": 19, "object_id": "2", "object_repr": "EDA81F9CF9C4473A805038F36A7A8AD1", "action_flag": 3, "change_message": ""}}, {"model": "admin.logentry", "pk": 61, "fields": {"action_time": "2021-07-09T08:49:33.711Z", "user": 2, "content_type": 19, "object_id": "1", "object_repr": "7FD7446905CD44D78610CFAEB4CBC513", "action_flag": 3, "change_message": ""}}, {"model": "admin.logentry", "pk": 62, "fields": {"action_time": "2021-07-09T09:02:20.109Z", "user": 2, "content_type": 7, "object_id": "1", "object_repr": "refereepay.example.com", "action_flag": 2, "change_message": "[{\"changed\": {\"fields\": [\"Domain name\", \"Display name\"]}}]"}}, {"model": "admin.logentry", "pk": 63, "fields": {"action_time": "2021-07-09T12:44:35.809Z", "user": 1, "content_type": 4, "object_id": "3", "object_repr": "Gareth_John", "action_flag": 2, "change_message": "[{\"changed\": {\"fields\": [\"First name\", \"Last name\"]}}]"}}, {"model": "admin.logentry", "pk": 64, "fields": {"action_time": "2021-07-09T13:51:24.878Z", "user": 1, "content_type": 19, "object_id": "46", "object_repr": "791081782C53417B857BABC5AC733737", "action_flag": 2, "change_message": "[{\"changed\": {\"fields\": [\"Street address1\", \"Street address2\", \"Town or city\", \"County or state\"]}}]"}}, {"model": "admin.logentry", "pk": 65, "fields": {"action_time": "2021-07-11T12:39:35.053Z", "user": 1, "content_type": 19, "object_id": "46", "object_repr": "791081782C53417B857BABC5AC733737", "action_flag": 3, "change_message": ""}}, {"model": "admin.logentry", "pk": 66, "fields": {"action_time": "2021-07-11T12:39:35.081Z", "user": 1, "content_type": 19, "object_id": "45", "object_repr": "9EEBF0ED33BD4C6ABD503BAE38B33FD2", "action_flag": 3, "change_message": ""}}, {"model": "admin.logentry", "pk": 67, "fields": {"action_time": "2021-07-11T12:39:35.105Z", "user": 1, "content_type": 19, "object_id": "44", "object_repr": "CD8D789360324ED6802C3EB367AC8290", "action_flag": 3, "change_message": ""}}, {"model": "admin.logentry", "pk": 68, "fields": {"action_time": "2021-07-11T12:39:35.130Z", "user": 1, "content_type": 19, "object_id": "43", "object_repr": "9A7F34E09314437997DDD1253E3ADFDF", "action_flag": 3, "change_message": ""}}, {"model": "admin.logentry", "pk": 69, "fields": {"action_time": "2021-07-11T12:39:35.165Z", "user": 1, "content_type": 19, "object_id": "42", "object_repr": "ED19C4C6873A4093B276BCC812D546E0", "action_flag": 3, "change_message": ""}}, {"model": "admin.logentry", "pk": 70, "fields": {"action_time": "2021-07-11T12:39:35.190Z", "user": 1, "content_type": 19, "object_id": "41", "object_repr": "F6EF7D824CB94B208FCBD60C81D543E4", "action_flag": 3, "change_message": ""}}, {"model": "admin.logentry", "pk": 71, "fields": {"action_time": "2021-07-11T12:39:35.226Z", "user": 1, "content_type": 19, "object_id": "40", "object_repr": "8F8BBFA363144EE39F40F45E575FEBB5", "action_flag": 3, "change_message": ""}}, {"model": "admin.logentry", "pk": 72, "fields": {"action_time": "2021-07-11T12:39:35.262Z", "user": 1, "content_type": 19, "object_id": "39", "object_repr": "9CEBF6A895BB42598ED88290579AD58C", "action_flag": 3, "change_message": ""}}, {"model": "admin.logentry", "pk": 73, "fields": {"action_time": "2021-07-11T12:39:35.298Z", "user": 1, "content_type": 19, "object_id": "38", "object_repr": "3C3B682072E64A30A79A8973F7E6BA18", "action_flag": 3, "change_message": ""}}, {"model": "admin.logentry", "pk": 74, "fields": {"action_time": "2021-07-11T12:39:35.333Z", "user": 1, "content_type": 19, "object_id": "37", "object_repr": "D38F36EE25A0434AAA2A0612FD9A1CCC", "action_flag": 3, "change_message": ""}}, {"model": "admin.logentry", "pk": 75, "fields": {"action_time": "2021-07-11T12:39:35.369Z", "user": 1, "content_type": 19, "object_id": "36", "object_repr": "0336717D125F47C1ACD69B51EFE932B4", "action_flag": 3, "change_message": ""}}, {"model": "admin.logentry", "pk": 76, "fields": {"action_time": "2021-07-11T12:39:35.393Z", "user": 1, "content_type": 19, "object_id": "35", "object_repr": "83C7C52567BC49579A43996B8301E6FC", "action_flag": 3, "change_message": ""}}, {"model": "admin.logentry", "pk": 77, "fields": {"action_time": "2021-07-11T12:39:35.417Z", "user": 1, "content_type": 19, "object_id": "34", "object_repr": "C7375F597CEC4A76A48E208A8A8867C4", "action_flag": 3, "change_message": ""}}, {"model": "admin.logentry", "pk": 78, "fields": {"action_time": "2021-07-11T12:39:35.441Z", "user": 1, "content_type": 19, "object_id": "33", "object_repr": "92C066B769364F24A7EB4461EB4EA191", "action_flag": 3, "change_message": ""}}, {"model": "admin.logentry", "pk": 79, "fields": {"action_time": "2021-07-11T15:02:45.977Z", "user": 1, "content_type": 19, "object_id": "47", "object_repr": "B3E18E2EE72B48A2AFE6A745FC91144C", "action_flag": 3, "change_message": ""}}, {"model": "admin.logentry", "pk": 80, "fields": {"action_time": "2021-07-12T11:50:36.998Z", "user": 1, "content_type": 22, "object_id": "1", "object_repr": "CYFL U11 Group A", "action_flag": 2, "change_message": "[{\"changed\": {\"fields\": [\"Comp\"]}}]"}}, {"model": "admin.logentry", "pk": 81, "fields": {"action_time": "2021-07-13T10:18:09.386Z", "user": 1, "content_type": 17, "object_id": "9", "object_repr": "Bishops Cleeve Colts Youth U10 Albion", "action_flag": 1, "change_message": "[{\"added\": {}}]"}}, {"model": "admin.logentry", "pk": 82, "fields": {"action_time": "2021-07-13T10:19:34.978Z", "user": 1, "content_type": 17, "object_id": "10", "object_repr": "Charlton Rovers Youth U10 Reds", "action_flag": 1, "change_message": "[{\"added\": {}}]"}}, {"model": "admin.logentry", "pk": 83, "fields": {"action_time": "2021-07-13T10:21:02.090Z", "user": 1, "content_type": 17, "object_id": "11", "object_repr": "FC Lakeside Youth U10 Whites", "action_flag": 1, "change_message": "[{\"added\": {}}]"}}, {"model": "admin.logentry", "pk": 84, "fields": {"action_time": "2021-07-13T10:21:33.730Z", "user": 1, "content_type": 17, "object_id": "12", "object_repr": "Leckhampton Rovers Youth U10 Warriors", "action_flag": 1, "change_message": "[{\"added\": {}}]"}}, {"model": "admin.logentry", "pk": 85, "fields": {"action_time": "2021-07-13T10:23:13.476Z", "user": 1, "content_type": 17, "object_id": "13", "object_repr": "Prestbury Phantoms Youth U10 Ghosts", "action_flag": 1, "change_message": "[{\"added\": {}}]"}}, {"model": "admin.logentry", "pk": 86, "fields": {"action_time": "2021-07-13T10:23:48.766Z", "user": 1, "content_type": 17, "object_id": "14", "object_repr": "Southside Star Youth U10 Wildcats", "action_flag": 1, "change_message": "[{\"added\": {}}]"}}, {"model": "admin.logentry", "pk": 87, "fields": {"action_time": "2021-07-13T12:06:37.178Z", "user": 1, "content_type": 22, "object_id": "2", "object_repr": "CYFL U10 Group A", "action_flag": 1, "change_message": "[{\"added\": {}}]"}}, {"model": "admin.logentry", "pk": 88, "fields": {"action_time": "2021-07-13T12:11:13.999Z", "user": 1, "content_type": 18, "object_id": "29", "object_repr": "Bishops Cleeve Colts Youth U10 Albion vs Leckhampton Rovers Youth U10 Warriors", "action_flag": 2, "change_message": "[{\"changed\": {\"fields\": [\"Date time\"]}}]"}}, {"model": "admin.logentry", "pk": 89, "fields": {"action_time": "2021-07-13T18:26:31.084Z", "user": 1, "content_type": 16, "object_id": "8", "object_repr": "Bishops Cleeve Sports Ground #8", "action_flag": 2, "change_message": "[{\"changed\": {\"fields\": [\"Country\", \"Map url\"]}}]"}}, {"model": "admin.logentry", "pk": 90, "fields": {"action_time": "2021-07-13T18:28:37.912Z", "user": 1, "content_type": 16, "object_id": "7", "object_repr": "Shipton Playing Field", "action_flag": 2, "change_message": "[{\"changed\": {\"fields\": [\"Country\", \"Map url\"]}}]"}}, {"model": "admin.logentry", "pk": 91, "fields": {"action_time": "2021-07-13T18:37:19.407Z", "user": 1, "content_type": 16, "object_id": "3", "object_repr": "Naunton Park Playing Field #3", "action_flag": 2, "change_message": "[{\"changed\": {\"fields\": [\"Country\", \"Map url\"]}}]"}}, {"model": "admin.logentry", "pk": 92, "fields": {"action_time": "2021-07-13T18:38:48.853Z", "user": 1, "content_type": 16, "object_id": "6", "object_repr": "Priors Farm Playing Field #3", "action_flag": 2, "change_message": "[{\"changed\": {\"fields\": [\"Country\", \"Map url\"]}}]"}}, {"model": "admin.logentry", "pk": 93, "fields": {"action_time": "2021-07-13T18:40:12.877Z", "user": 1, "content_type": 16, "object_id": "5", "object_repr": "The Beeches Playing Field #3", "action_flag": 2, "change_message": "[{\"changed\": {\"fields\": [\"Country\", \"Map url\"]}}]"}}, {"model": "admin.logentry", "pk": 94, "fields": {"action_time": "2021-07-13T18:40:58.550Z", "user": 1, "content_type": 16, "object_id": "4", "object_repr": "The Burrows Playing Field #4", "action_flag": 2, "change_message": "[{\"changed\": {\"fields\": [\"Country\", \"Map url\"]}}]"}}, {"model": "admin.logentry", "pk": 95, "fields": {"action_time": "2021-07-13T18:42:23.460Z", "user": 1, "content_type": 16, "object_id": "2", "object_repr": "King George V Playing Field #7", "action_flag": 2, "change_message": "[{\"changed\": {\"fields\": [\"Country\", \"Map url\"]}}]"}}, {"model": "admin.logentry", "pk": 96, "fields": {"action_time": "2021-07-13T18:42:28.822Z", "user": 1, "content_type": 16, "object_id": "1", "object_repr": "King George V Playing Field #6", "action_flag": 2, "change_message": "[{\"changed\": {\"fields\": [\"Country\", \"Map url\"]}}]"}}, {"model": "admin.logentry", "pk": 97, "fields": {"action_time": "2021-07-17T10:50:06.784Z", "user": 1, "content_type": 4, "object_id": "1", "object_repr": "GazzaJ71", "action_flag": 2, "change_message": "[{\"changed\": {\"fields\": [\"First name\", \"Last name\"]}}]"}}, {"model": "admin.logentry", "pk": 98, "fields": {"action_time": "2021-07-17T11:36:46.193Z", "user": 1, "content_type": 4, "object_id": "4", "object_repr": "Pierluigi_Collina", "action_flag": 2, "change_message": "[{\"changed\": {\"fields\": [\"First name\", \"Last name\"]}}]"}}, {"model": "admin.logentry", "pk": 99, "fields": {"action_time": "2021-07-17T11:37:22.946Z", "user": 1, "content_type": 24, "object_id": "1", "object_repr": "Testing 1-2-3!", "action_flag": 3, "change_message": ""}}, {"model": "admin.logentry", "pk": 100, "fields": {"action_time": "2021-07-17T12:42:03.309Z", "user": 1, "content_type": 24, "object_id": "3", "object_repr": "I have contacted the away team and they are ready to play.\r\nThe ground is not in the best condition.\r\nSee image", "action_flag": 3, "change_message": ""}}, {"model": "admin.logentry", "pk": 101, "fields": {"action_time": "2021-07-18T11:16:56.930Z", "user": 1, "content_type": 4, "object_id": "5", "object_repr": "Damir_Skomina", "action_flag": 2, "change_message": "[{\"changed\": {\"fields\": [\"First name\", \"Last name\"]}}]"}}, {"model": "admin.logentry", "pk": 102, "fields": {"action_time": "2021-07-18T13:05:48.227Z", "user": 1, "content_type": 15, "object_id": "7", "object_repr": "Damir Skomina", "action_flag": 2, "change_message": "[]"}}, {"model": "admin.logentry", "pk": 103, "fields": {"action_time": "2021-07-18T13:09:48.090Z", "user": 1, "content_type": 4, "object_id": "5", "object_repr": "Damir_Skomina", "action_flag": 2, "change_message": "[]"}}, {"model": "admin.logentry", "pk": 104, "fields": {"action_time": "2021-07-20T14:30:07.084Z", "user": 1, "content_type": 13, "object_id": "9", "object_repr": "Hucclecote Youth FC", "action_flag": 3, "change_message": ""}}, {"model": "admin.logentry", "pk": 105, "fields": {"action_time": "2021-07-20T17:49:06.054Z", "user": 1, "content_type": 21, "object_id": "5", "object_repr": "Damir_Skomina", "action_flag": 2, "change_message": "[{\"changed\": {\"fields\": [\"Role\"]}}]"}}, {"model": "admin.logentry", "pk": 106, "fields": {"action_time": "2021-07-20T17:49:16.000Z", "user": 1, "content_type": 21, "object_id": "4", "object_repr": "Pierluigi_Collina", "action_flag": 2, "change_message": "[{\"changed\": {\"fields\": [\"Role\"]}}]"}}, {"model": "admin.logentry", "pk": 107, "fields": {"action_time": "2021-07-20T17:49:26.156Z", "user": 1, "content_type": 21, "object_id": "3", "object_repr": "Gareth_John", "action_flag": 2, "change_message": "[{\"changed\": {\"fields\": [\"Role\"]}}]"}}, {"model": "admin.logentry", "pk": 108, "fields": {"action_time": "2021-07-20T17:49:36.273Z", "user": 1, "content_type": 21, "object_id": "2", "object_repr": "CI_Admin", "action_flag": 2, "change_message": "[{\"changed\": {\"fields\": [\"Role\", \"Profile country\"]}}]"}}, {"model": "admin.logentry", "pk": 109, "fields": {"action_time": "2021-07-21T11:51:21.024Z", "user": 1, "content_type": 4, "object_id": "6", "object_repr": "johnge71@gmail.com", "action_flag": 2, "change_message": "[{\"changed\": {\"fields\": [\"Username\", \"First name\", \"Last name\"]}}]"}}, {"model": "admin.logentry", "pk": 110, "fields": {"action_time": "2021-07-21T11:51:57.853Z", "user": 1, "content_type": 4, "object_id": "6", "object_repr": "NumptyNuts", "action_flag": 2, "change_message": "[{\"changed\": {\"fields\": [\"Username\"]}}]"}}, {"model": "auth.user", "pk": 1, "fields": {"password": "pbkdf2_sha256$260000$N6V4Fr4CnuuCTcGw67IEwe$ztogTWqpw96uwiwMahJDU/4jqjq3DTyRbsZ0HBIBe8s=", "last_login": "2021-07-22T08:52:47.412Z", "is_superuser": true, "username": "GazzaJ71", "first_name": "Gazza", "last_name": "Johns", "email": "johnge71@gmail.com", "is_staff": true, "is_active": true, "date_joined": "2021-07-02T09:44:35Z", "groups": [], "user_permissions": []}}, {"model": "auth.user", "pk": 2, "fields": {"password": "pbkdf2_sha256$260000$X7iUR9tbtCwnCG314XNV8P$WTB+OoWpVVJxxYQYSQBJ4RC77OMQC1kY+kvR0XBlWgs=", "last_login": "2021-07-08T15:11:12.568Z", "is_superuser": true, "username": "CI_Admin", "first_name": "", "last_name": "", "email": "ci_admin@email.com", "is_staff": true, "is_active": true, "date_joined": "2021-07-07T11:33:49Z", "groups": [], "user_permissions": []}}, {"model": "auth.user", "pk": 3, "fields": {"password": "pbkdf2_sha256$260000$yNFeib1VR6TPyXaOw0dECi$vgyGG3jpk5EpxPqZhCDVANQwRvb+IM/1uboPgBA5PjI=", "last_login": "2021-07-21T17:49:08.472Z", "is_superuser": false, "username": "Gareth_John", "first_name": "Gareth", "last_name": "John", "email": "garethjohn760@gmail.com", "is_staff": false, "is_active": true, "date_joined": "2021-07-09T12:33:42Z", "groups": [], "user_permissions": []}}, {"model": "auth.user", "pk": 4, "fields": {"password": "pbkdf2_sha256$260000$DWdgPrkJqKogNdM5z9gbM3$llfBoBmeeG+pGJ2Znh3YTAJblxsQl1sVZH/AWuJA8+E=", "last_login": "2021-07-18T13:42:11.882Z", "is_superuser": false, "username": "Pierluigi_Collina", "first_name": "Pierluigi", "last_name": "Collina", "email": "pierluigi.collina@email.com", "is_staff": false, "is_active": true, "date_joined": "2021-07-17T11:33:52Z", "groups": [], "user_permissions": []}}, {"model": "auth.user", "pk": 5, "fields": {"password": "pbkdf2_sha256$260000$lSThGSW6R5nB6yESnBhgMR$4eir+/csjuB/Lxu3ssPTCNX2cwT/7u9W4npOeVjOKcA=", "last_login": "2021-07-18T13:11:43.963Z", "is_superuser": false, "username": "Damir_Skomina", "first_name": "Damir", "last_name": "Skomina", "email": "damir.skomina@email.com", "is_staff": false, "is_active": true, "date_joined": "2021-07-18T11:03:36Z", "groups": [], "user_permissions": []}}, {"model": "auth.user", "pk": 6, "fields": {"password": "pbkdf2_sha256$260000$nzTL69HJc8emJA2M2r6RTH$xJThniwmQ3YENlMJXeb23K5PkdTCXy5T3v7v0jgJ/iE=", "last_login": "2021-07-21T11:52:41.364Z", "is_superuser": false, "username": "NumptyNuts", "first_name": "Gareth", "last_name": "John", "email": "gareth.john@email.com", "is_staff": false, "is_active": true, "date_joined": "2021-07-21T11:38:05Z", "groups": [], "user_permissions": []}}, {"model": "sessions.session", "pk": "byqjgmljcvvy8cxmbo2mp5dxyq5gjsz4", "fields": {"session_data": ".eJxVjMFuwyAQRP9lz47FUtwajrn3G9ACuzZtBJGxo1RR_r2OlIsvc5h58x7gG7eWa_F8v-blD5zqwNO2zn5rvPicwAHCoQsUf7m8hvRDZap9rGVdcuhfSP9eW_9dE1_Ob_YgmKnN-9sOgyZSBjEqKxo_DQdto8iHQcIxhiCjFZVQRoWBRxs1qyA42CT8ZWSXNrrxKRep4NZl4w4CTeAeoMFhB2bP5_MfDo9KSA:1lzhrX:w8b_Pt0nT0MXKMRaPQAZjWzpd-uRuVQynuFy6_pySoY", "expire_date": "2021-07-17T15:47:23.191Z"}}, {"model": "sessions.session", "pk": "f00w6dqmmaucetz8gffb1wp3nkqptak1", "fields": {"session_data": ".eJxVj8EOgjAQRP9lz0i6CEp79O43kG27C1XTGgpGQ_x3JeGg13kzL5kFOpqnoZszj13wYACh-M0suSvHFfgLxT6VLsVpDLZcK-VGc3lOnm-nrfsnGCgP37VumopI1YhOaanwULOttBPZ10jYOmul1aI8SqvQcqtdxcoKNtoLH2tZpZlzDil2_LyH8QVGFZDpwbsQJYGZxpkLsNSDWb4vDL7fH9_1STg:1m0O5m:55K2VnEhLzEmZIpmXIxqg70iePzwd-vCMHu9OyOtYVY", "expire_date": "2021-07-19T12:52:54.834Z"}}, {"model": "sessions.session", "pk": "nrpng8iksvrdjuzmjok34febczq3u47d", "fields": {"session_data": ".eJxVjMsOwiAQRf-FdSUMUoUu3fsNhMeMRQ0YaI3G-O_apAvd3nPueTHr5mm0c8NqU2QDA9b9bt6FC-YFxLPLp8JDyVNNni8KX2njxxLxeljdv8Do2vh9m76XzgkFEIQhCTuFXppAtFXgQAfvSRsSEUgL8KhNkCg8QW8i4V7REm3YWirZ4uOW6pMNomPN3XGTMhU2THXG9wf6G0WM:1m0Lzk:dsqG74Krtdi9_hyRRaA5fPJJIAsEN2Z_cfZF8kGEyFU", "expire_date": "2021-07-19T10:38:32.596Z"}}, {"model": "sessions.session", "pk": "vasupp7qq71c5k9wdlatuen67dwbqbpf", "fields": {"session_data": ".eJxVjMsOgjAQRf9l1qTpFNC2S_d-A-ljBqqmGAqJhvDvSsJCt_ece1bo3DIP3VJo6lIECwjV7-ZduFPeQby53I8ijHmekhe7Ig5axHWM9Lgc7l9gcGX4vk3bKudkgxikYYWnhrwygblu0KEO3rM2LCOyluhJm6BIesbWRKZzw3u0UClpzB29nml6g5UVeNeDXQFrsLhtH2Y7Q3k:1m5rJf:5i36I_Tzj5zr3vHwRco9VpD66RsqW6BtMlZSUfw6wvU", "expire_date": "2021-08-03T15:05:51.410Z"}}, {"model": "sessions.session", "pk": "y89bo9lfb9jl10n1z2ppx6fxjxg95n05", "fields": {"session_data": ".eJxVjMsOgjAQRf9l1oR0atG2S_d-Q9PHjFRNMRQSDeHflYSFbu859yzg_Dz1bq40upzAAkLzuwUf71Q2kG6-XIc2DmUac2g3pd1pbS9Dosd5d_8Cva_99226TnovFGIUhiUeFQVpIvNBoUcdQ2BtWCRkLTCQNlGSCIydSUwnxVu0Uq15KI5ezzy-wYoGgr-CXQAVWFzXD2ZBQ3o:1m6bXG:qegzw-FU0qq3-j1C5QEcUdZ5TUGlWSdMgvvpZyE1mZ0", "expire_date": "2021-08-05T16:26:58.471Z"}}, {"model": "sites.site", "pk": 1, "fields": {"domain": "refereepay.example.com", "name": "RefereE-Pay"}}, {"model": "account.emailaddress", "pk": 1, "fields": {"user": 1, "email": "johnge71@gmail.com", "verified": true, "primary": true}}, {"model": "account.emailaddress", "pk": 2, "fields": {"user": 2, "email": "ci_admin@email.com", "verified": true, "primary": true}}, {"model": "account.emailaddress", "pk": 3, "fields": {"user": 3, "email": "garethjohn760@gmail.com", "verified": true, "primary": true}}, {"model": "account.emailaddress", "pk": 4, "fields": {"user": 4, "email": "pierluigi.collina@email.com", "verified": true, "primary": true}}, {"model": "account.emailaddress", "pk": 5, "fields": {"user": 5, "email": "damir.skomina@email.com", "verified": true, "primary": true}}, {"model": "account.emailaddress", "pk": 6, "fields": {"user": 6, "email": "gareth.john@email.com", "verified": true, "primary": true}}, {"model": "matches.venue", "pk": 1, "fields": {"name": "King George V Playing Field #6", "short_name": "KGV Playing Field #6", "street_address": "Brooklyn Road", "town_or_city": "Cheltenham", "county": "Gloucestershire", "postcode": "GL51 8DT", "country": null, "map": "kgv.png", "map_url": "https://goo.gl/maps/7QaB67fmB6nYvH4DA"}}, {"model": "matches.venue", "pk": 2, "fields": {"name": "King George V Playing Field #7", "short_name": "KGV Playing Field #7", "street_address": "Brooklyn Road", "town_or_city": "Cheltenham", "county": "Gloucestershire", "postcode": "GL51 8DT", "country": null, "map": "kgv.png", "map_url": "https://goo.gl/maps/7QaB67fmB6nYvH4DA"}}, {"model": "matches.venue", "pk": 3, "fields": {"name": "Naunton Park Playing Field #3", "short_name": "Naunton Park #3", "street_address": "Asquith Road", "town_or_city": "Cheltenham", "county": "Gloucestershire", "postcode": "GL53 7EL", "country": null, "map": "naunton.png", "map_url": "https://goo.gl/maps/xnv3fX6iDBGELhpN6"}}, {"model": "matches.venue", "pk": 4, "fields": {"name": "The Burrows Playing Field #4", "short_name": "The Burrows #4", "street_address": "Moorend Grove", "town_or_city": "Cheltenham", "county": "Gloucestershire", "postcode": "GL53 0EY", "country": null, "map": "burrows.png", "map_url": "https://goo.gl/maps/ikDmmR9atZ9aArRr6"}}, {"model": "matches.venue", "pk": 5, "fields": {"name": "The Beeches Playing Field #3", "short_name": "The Beeches #3", "street_address": "Cedar Close", "town_or_city": "Cheltenham", "county": "Gloucestershire", "postcode": "GL53 8PF", "country": null, "map": "beeches.png", "map_url": "https://goo.gl/maps/ji8RvAf5FX4bpCHd7"}}, {"model": "matches.venue", "pk": 6, "fields": {"name": "Priors Farm Playing Field #3", "short_name": "Priors Farm #3", "street_address": "Imjin Road", "town_or_city": "Cheltenham", "county": "Gloucestershire", "postcode": "GL52 5FT", "country": null, "map": "priors.png", "map_url": "https://goo.gl/maps/zrq1FwEWEiLSxAvi8"}}, {"model": "matches.venue", "pk": 7, "fields": {"name": "Shipton Playing Field", "short_name": "The Burrows #4", "street_address": "Square Ditch", "town_or_city": "Shipton Oliffe", "county": "Gloucestershire", "postcode": "GL54 4HT", "country": null, "map": "", "map_url": "https://goo.gl/maps/HQerv8e8qWKnDemC9"}}, {"model": "matches.venue", "pk": 8, "fields": {"name": "Bishops Cleeve Sports Ground #8", "short_name": "Bishops Cleeve #8", "street_address": "Cheltenham Road", "town_or_city": "Bishops Cleeve", "county": "Gloucestershire", "postcode": "GL52 8LZ", "country": null, "map": "", "map_url": "https://goo.gl/maps/4QgL6jDYLP8ydZgF9"}}, {"model": "matches.official", "pk": 1, "fields": {"name": "Pierluigi Collina"}}, {"model": "matches.official", "pk": 2, "fields": {"name": "Graham Poll"}}, {"model": "matches.official", "pk": 3, "fields": {"name": "Mark Clattenburg"}}, {"model": "matches.official", "pk": 4, "fields": {"name": "Bibiana Steinhaus"}}, {"model": "matches.official", "pk": 5, "fields": {"name": "Kim Nielsen"}}, {"model": "matches.official", "pk": 6, "fields": {"name": "Bjorn Kuipers"}}, {"model": "matches.official", "pk": 7, "fields": {"name": "Damir Skomina"}}, {"model": "matches.official", "pk": 8, "fields": {"name": "Felix Blych"}}, {"model": "matches.official", "pk": 9, "fields": {"name": "Mark Geiger"}}, {"model": "matches.official", "pk": 10, "fields": {"name": "Nestor Pitana"}}, {"model": "matches.official", "pk": 11, "fields": {"name": "Daniele Orsato"}}, {"model": "matches.official", "pk": 12, "fields": {"name": "Antonio Lahoz"}}, {"model": "matches.competition", "pk": 1, "fields": {"comp": "CYFL U11 Group A"}}, {"model": "matches.competition", "pk": 2, "fields": {"comp": "CYFL U10 Group A"}}, {"model": "matches.competition", "pk": 3, "fields": {"comp": "CYFL U11 Group B"}}, {"model": "matches.club", "pk": 1, "fields": {"club_name": "Leckhampton Rovers FC", "club_badge_url": "https://www.cheltenhamyouthleague.co.uk/img/cyfl/tn/leckhampton.jpg", "club_badge": "leckhampton.jpg", "website_url": "https://www.leckhamptonrovers.co.uk/"}}, {"model": "matches.club", "pk": 2, "fields": {"club_name": "Bishops Cleeve Colts", "club_badge_url": "https://www.cheltenhamyouthleague.co.uk/img/cyfl/tn/bishops-cleeve-colts.jpg", "club_badge": "bishops-cleeve-colts.jpg", "website_url": "https://bishopscleevecolts.co.uk/"}}, {"model": "matches.club", "pk": 3, "fields": {"club_name": "Charlton Rovers AFC", "club_badge_url": "https://www.cheltenhamyouthleague.co.uk/img/cyfl/tn/charlton-rovers.jpg", "club_badge": "charlton-rovers.jpg", "website_url": "https://www.charltonrovers.co.uk/"}}, {"model": "matches.club", "pk": 4, "fields": {"club_name": "FC Lakeside", "club_badge_url": "https://www.cheltenhamyouthleague.co.uk/img/cyfl/tn/fc-lakeside(1).jpg", "club_badge": "fc-lakeside.jpg", "website_url": "http://fclakeside.co.uk/"}}, {"model": "matches.club", "pk": 5, "fields": {"club_name": "Prestbury Phantoms FC", "club_badge_url": "https://www.cheltenhamyouthleague.co.uk/img/cyfl/tn/phantoms.jpg", "club_badge": "phantoms.jpg", "website_url": "https://www.prestburyphantoms.co.uk/"}}, {"model": "matches.club", "pk": 6, "fields": {"club_name": "Southside Star FC", "club_badge_url": "https://www.cheltenhamyouthleague.co.uk/img/cyfl/tn/southside-star.jpg", "club_badge": "southside-star.jpg", "website_url": "https://www.southsidestarfc.co.uk/"}}, {"model": "matches.club", "pk": 7, "fields": {"club_name": "Winchcombe Town FC", "club_badge_url": "https://www.cheltenhamyouthleague.co.uk/img/cyfl/tn/winchcombe-town(1).jpg", "club_badge": "winchcombe-town.jpg", "website_url": "https://www.winchcombetownfc.co.uk/"}}, {"model": "matches.club", "pk": 8, "fields": {"club_name": "Churchdown Panthers FC", "club_badge_url": "https://www.cheltenhamyouthleague.co.uk/img/cyfl/tn/churchdown.jpg", "club_badge": "churchdown.jpg", "website_url": "https://www.churchdownpanthers.co.uk/"}}, {"model": "matches.club", "pk": 10, "fields": {"club_name": "Hucclecote Youth FC", "club_badge_url": "https://www.cheltenhamyouthleague.co.uk/img/cyfl/hucclecote(1).jpg", "club_badge": "hucclecote1.jpg", "website_url": "https://www.hucclecoteyfc.co.uk/"}}, {"model": "matches.fee", "pk": 1, "fields": {"age": "U9", "referee_fee": "5.00", "asst_referee": "0.00", "milage_rate": "0.36"}}, {"model": "matches.fee", "pk": 2, "fields": {"age": "U10", "referee_fee": "5.00", "asst_referee": "0.00", "milage_rate": "0.36"}}, {"model": "matches.fee", "pk": 3, "fields": {"age": "U11", "referee_fee": "11.00", "asst_referee": "5.00", "milage_rate": "0.36"}}, {"model": "matches.fee", "pk": 4, "fields": {"age": "U12", "referee_fee": "11.00", "asst_referee": "5.00", "milage_rate": "0.36"}}, {"model": "matches.fee", "pk": 5, "fields": {"age": "U13", "referee_fee": "11.00", "asst_referee": "5.00", "milage_rate": "0.36"}}, {"model": "matches.fee", "pk": 6, "fields": {"age": "U14", "referee_fee": "11.00", "asst_referee": "5.00", "milage_rate": "0.36"}}, {"model": "matches.fee", "pk": 7, "fields": {"age": "U15", "referee_fee": "11.00", "asst_referee": "5.00", "milage_rate": "0.36"}}, {"model": "matches.fee", "pk": 8, "fields": {"age": "U16", "referee_fee": "11.00", "asst_referee": "5.00", "milage_rate": "0.36"}}, {"model": "matches.fee", "pk": 9, "fields": {"age": "U17", "referee_fee": "12.50", "asst_referee": "5.00", "milage_rate": "0.36"}}, {"model": "matches.fee", "pk": 10, "fields": {"age": "U18", "referee_fee": "12.50", "asst_referee": "5.00", "milage_rate": "0.36"}}, {"model": "matches.fee", "pk": 11, "fields": {"age": "Adults", "referee_fee": "12.50", "asst_referee": "5.00", "milage_rate": "0.36"}}, {"model": "matches.fee", "pk": 12, "fields": {"age": "Veterans", "referee_fee": "12.50", "asst_referee": "5.00", "milage_rate": "0.36"}}, {"model": "matches.team", "pk": 1, "fields": {"team_name": "Bishops Cleeve Colts U11 Colts", "short_name": "Bishops Cleeve Colts", "club_name": 2, "age": 3, "manager_coach": "Keith Carter"}}, {"model": "matches.team", "pk": 2, "fields": {"team_name": "Churchdown Panthers Youth U11 Blacks", "short_name": "Churchdown Panthers Blacks", "club_name": 8, "age": 3, "manager_coach": "Mark Howard"}}, {"model": "matches.team", "pk": 3, "fields": {"team_name": "Charlton Rovers Youth U11 Blues", "short_name": "Charlton Rovers Blues", "club_name": 3, "age": 3, "manager_coach": "Rob Morris"}}, {"model": "matches.team", "pk": 4, "fields": {"team_name": "FC Lakeside Youth U11 Reds", "short_name": "FC Lakseide Reds", "club_name": 4, "age": 3, "manager_coach": "Alex Hunt"}}, {"model": "matches.team", "pk": 5, "fields": {"team_name": "Leckhampton Rovers Youth U11 All Stars", "short_name": "LRFC All Stars", "club_name": 1, "age": 3, "manager_coach": "Gareth John"}}, {"model": "matches.team", "pk": 6, "fields": {"team_name": "Prestbury Phantoms Youth U11 Raiders", "short_name": "Prestbury Phantoms Raiders", "club_name": 5, "age": 3, "manager_coach": "James Walker"}}, {"model": "matches.team", "pk": 7, "fields": {"team_name": "Southside Star Youth U11 Pumas", "short_name": "Southside Star Pumas", "club_name": 6, "age": 3, "manager_coach": "James Jackson"}}, {"model": "matches.team", "pk": 8, "fields": {"team_name": "Winchcombe Town Youth U11", "short_name": "Winchcombe Town", "club_name": 7, "age": 3, "manager_coach": "Mark Duff"}}, {"model": "matches.team", "pk": 9, "fields": {"team_name": "Bishops Cleeve Colts Youth U10 Albion", "short_name": "Bishops Cleeve Colts Albion", "club_name": 2, "age": 2, "manager_coach": "Mark Skeldon"}}, {"model": "matches.team", "pk": 10, "fields": {"team_name": "Charlton Rovers Youth U10 Reds", "short_name": "Charlton Rovers U10 Reds", "club_name": 3, "age": 2, "manager_coach": "Jon King"}}, {"model": "matches.team", "pk": 11, "fields": {"team_name": "FC Lakeside Youth U10 Whites", "short_name": "FC Lakeside U10 Whites", "club_name": 4, "age": 2, "manager_coach": "Andrew Sprosen"}}, {"model": "matches.team", "pk": 12, "fields": {"team_name": "Leckhampton Rovers Youth U10 Warriors", "short_name": "LRFC U10 Warriors", "club_name": 1, "age": 2, "manager_coach": "Simon Bickerdike"}}, {"model": "matches.team", "pk": 13, "fields": {"team_name": "Prestbury Phantoms Youth U10 Ghosts", "short_name": "Prestbury Phantoms Ghosts", "club_name": 5, "age": 2, "manager_coach": "Chris Harding"}}, {"model": "matches.team", "pk": 14, "fields": {"team_name": "Southside Star Youth U10 Wildcats", "short_name": "Southside Star U10 Wildcats", "club_name": 6, "age": 2, "manager_coach": "Simon Gill"}}, {"model": "matches.team", "pk": 15, "fields": {"team_name": "Leckhampton Rovers Youth U11 Blades", "short_name": "LRFC U11 Blades", "club_name": 1, "age": 3, "manager_coach": "Russ Coddington"}}, {"model": "matches.game", "pk": 1, "fields": {"age": 3, "competition": 1, "home_team": 1, "away_team": 3, "date_time": "2021-07-03T11:00:00Z", "venue": 8, "referee": 1, "asst_referee1": 6, "asst_referee2": 7, "ref_trav": "0.00", "asst1_trav": "0.00", "asst2_trav": "0.00", "ref_total": "11.00", "asst1_total": "5.00", "asst2_total": "5.00"}}, {"model": "matches.game", "pk": 2, "fields": {"age": 3, "competition": 1, "home_team": 2, "away_team": 8, "date_time": "2021-07-03T11:00:00Z", "venue": 2, "referee": 3, "asst_referee1": 8, "asst_referee2": null, "ref_trav": "0.00", "asst1_trav": "0.00", "asst2_trav": "0.00", "ref_total": "11.00", "asst1_total": "5.00", "asst2_total": "0.00"}}, {"model": "matches.game", "pk": 3, "fields": {"age": 3, "competition": 1, "home_team": 7, "away_team": 4, "date_time": "2021-07-03T11:00:00Z", "venue": 4, "referee": 4, "asst_referee1": 2, "asst_referee2": null, "ref_trav": "0.00", "asst1_trav": "0.00", "asst2_trav": "0.00", "ref_total": "11.00", "asst1_total": "5.00", "asst2_total": "0.00"}}, {"model": "matches.game", "pk": 4, "fields": {"age": 3, "competition": 1, "home_team": 6, "away_team": 5, "date_time": "2021-07-03T11:00:00Z", "venue": 6, "referee": 11, "asst_referee1": 12, "asst_referee2": null, "ref_trav": "0.00", "asst1_trav": "0.00", "asst2_trav": "0.00", "ref_total": "11.00", "asst1_total": "5.00", "asst2_total": "0.00"}}, {"model": "matches.game", "pk": 5, "fields": {"age": 3, "competition": 1, "home_team": 2, "away_team": 4, "date_time": "2021-07-10T11:00:00Z", "venue": 1, "referee": 6, "asst_referee1": null, "asst_referee2": null, "ref_trav": "0.00", "asst1_trav": "0.00", "asst2_trav": "0.00", "ref_total": "11.00", "asst1_total": "0.00", "asst2_total": "0.00"}}, {"model": "matches.game", "pk": 6, "fields": {"age": 3, "competition": 1, "home_team": 3, "away_team": 8, "date_time": "2021-07-10T11:00:00Z", "venue": 7, "referee": 7, "asst_referee1": null, "asst_referee2": null, "ref_trav": "0.00", "asst1_trav": "0.00", "asst2_trav": "0.00", "ref_total": "11.00", "asst1_total": "0.00", "asst2_total": "0.00"}}, {"model": "matches.game", "pk": 7, "fields": {"age": 3, "competition": 1, "home_team": 1, "away_team": 5, "date_time": "2021-07-10T11:00:00Z", "venue": 8, "referee": 8, "asst_referee1": null, "asst_referee2": null, "ref_trav": "0.00", "asst1_trav": "0.00", "asst2_trav": "0.00", "ref_total": "0.00", "asst1_total": "0.00", "asst2_total": "0.00"}}, {"model": "matches.game", "pk": 8, "fields": {"age": 3, "competition": 1, "home_team": 7, "away_team": 6, "date_time": "2021-07-10T11:00:00Z", "venue": 5, "referee": 2, "asst_referee1": null, "asst_referee2": null, "ref_trav": "0.00", "asst1_trav": "0.00", "asst2_trav": "0.00", "ref_total": "0.00", "asst1_total": "0.00", "asst2_total": "0.00"}}, {"model": "matches.game", "pk": 9, "fields": {"age": 3, "competition": 1, "home_team": 3, "away_team": 5, "date_time": "2021-07-17T11:00:00Z", "venue": 7, "referee": 1, "asst_referee1": null, "asst_referee2": null, "ref_trav": "0.00", "asst1_trav": "0.00", "asst2_trav": "0.00", "ref_total": "11.00", "asst1_total": "0.00", "asst2_total": "0.00"}}, {"model": "matches.game", "pk": 10, "fields": {"age": 3, "competition": 1, "home_team": 4, "away_team": 8, "date_time": "2021-07-17T11:00:00Z", "venue": 4, "referee": 3, "asst_referee1": 1, "asst_referee2": 1, "ref_trav": "0.00", "asst1_trav": "0.00", "asst2_trav": "0.00", "ref_total": "11.00", "asst1_total": "5.00", "asst2_total": "5.00"}}, {"model": "matches.game", "pk": 11, "fields": {"age": 3, "competition": 1, "home_team": 2, "away_team": 6, "date_time": "2021-07-17T11:00:00Z", "venue": 1, "referee": 4, "asst_referee1": null, "asst_referee2": null, "ref_trav": "0.00", "asst1_trav": "0.00", "asst2_trav": "0.00", "ref_total": "11.00", "asst1_total": "5.00", "asst2_total": "5.00"}}, {"model": "matches.game", "pk": 12, "fields": {"age": 3, "competition": 1, "home_team": 1, "away_team": 7, "date_time": "2021-07-17T11:00:00Z", "venue": 8, "referee": 6, "asst_referee1": 1, "asst_referee2": 1, "ref_trav": "0.00", "asst1_trav": "0.00", "asst2_trav": "0.00", "ref_total": "11.00", "asst1_total": "5.00", "asst2_total": "5.00"}}, {"model": "matches.game", "pk": 13, "fields": {"age": 3, "competition": 1, "home_team": 4, "away_team": 6, "date_time": "2021-07-24T11:00:00Z", "venue": 4, "referee": 6, "asst_referee1": null, "asst_referee2": null, "ref_trav": "5.00", "asst1_trav": "0.00", "asst2_trav": "0.00", "ref_total": "16.00", "asst1_total": "0.00", "asst2_total": "0.00"}}, {"model": "matches.game", "pk": 14, "fields": {"age": 3, "competition": 1, "home_team": 5, "away_team": 8, "date_time": "2021-07-24T11:00:00Z", "venue": 3, "referee": 7, "asst_referee1": null, "asst_referee2": null, "ref_trav": "0.00", "asst1_trav": "0.00", "asst2_trav": "0.00", "ref_total": "11.00", "asst1_total": "0.00", "asst2_total": "0.00"}}, {"model": "matches.game", "pk": 15, "fields": {"age": 3, "competition": 1, "home_team": 3, "away_team": 7, "date_time": "2021-07-24T11:00:00Z", "venue": 7, "referee": 8, "asst_referee1": null, "asst_referee2": null, "ref_trav": "0.00", "asst1_trav": "0.00", "asst2_trav": "0.00", "ref_total": "0.00", "asst1_total": "0.00", "asst2_total": "0.00"}}, {"model": "matches.game", "pk": 16, "fields": {"age": 3, "competition": 1, "home_team": 2, "away_team": 1, "date_time": "2021-07-24T11:00:00Z", "venue": 1, "referee": 9, "asst_referee1": null, "asst_referee2": null, "ref_trav": "0.00", "asst1_trav": "0.00", "asst2_trav": "0.00", "ref_total": "11.00", "asst1_total": "0.00", "asst2_total": "0.00"}}, {"model": "matches.game", "pk": 17, "fields": {"age": 3, "competition": 1, "home_team": 5, "away_team": 7, "date_time": "2021-07-31T11:00:00Z", "venue": 3, "referee": 10, "asst_referee1": 1, "asst_referee2": 1, "ref_trav": "0.00", "asst1_trav": "0.00", "asst2_trav": "0.00", "ref_total": "11.00", "asst1_total": "5.00", "asst2_total": "5.00"}}, {"model": "matches.game", "pk": 18, "fields": {"age": 3, "competition": 1, "home_team": 6, "away_team": 8, "date_time": "2021-07-31T11:00:00Z", "venue": 6, "referee": 11, "asst_referee1": null, "asst_referee2": null, "ref_trav": "0.00", "asst1_trav": "0.00", "asst2_trav": "0.00", "ref_total": "0.00", "asst1_total": "0.00", "asst2_total": "0.00"}}, {"model": "matches.game", "pk": 19, "fields": {"age": 3, "competition": 1, "home_team": 4, "away_team": 1, "date_time": "2021-07-31T11:00:00Z", "venue": 4, "referee": 12, "asst_referee1": null, "asst_referee2": null, "ref_trav": "0.00", "asst1_trav": "0.00", "asst2_trav": "0.00", "ref_total": "0.00", "asst1_total": "0.00", "asst2_total": "0.00"}}, {"model": "matches.game", "pk": 20, "fields": {"age": 3, "competition": 1, "home_team": 3, "away_team": 2, "date_time": "2021-07-31T11:00:00Z", "venue": 7, "referee": 1, "asst_referee1": null, "asst_referee2": null, "ref_trav": "0.00", "asst1_trav": "0.00", "asst2_trav": "0.00", "ref_total": "0.00", "asst1_total": "0.00", "asst2_total": "0.00"}}, {"model": "matches.game", "pk": 21, "fields": {"age": 3, "competition": 1, "home_team": 6, "away_team": 1, "date_time": "2021-08-07T11:00:00Z", "venue": 6, "referee": 2, "asst_referee1": null, "asst_referee2": null, "ref_trav": "0.00", "asst1_trav": "0.00", "asst2_trav": "0.00", "ref_total": "0.00", "asst1_total": "0.00", "asst2_total": "0.00"}}, {"model": "matches.game", "pk": 22, "fields": {"age": 3, "competition": 1, "home_team": 7, "away_team": 8, "date_time": "2021-08-07T11:00:00Z", "venue": 1, "referee": 3, "asst_referee1": null, "asst_referee2": null, "ref_trav": "0.00", "asst1_trav": "0.00", "asst2_trav": "0.00", "ref_total": "0.00", "asst1_total": "0.00", "asst2_total": "0.00"}}, {"model": "matches.game", "pk": 23, "fields": {"age": 3, "competition": 1, "home_team": 5, "away_team": 2, "date_time": "2021-08-07T11:00:00Z", "venue": 3, "referee": 4, "asst_referee1": null, "asst_referee2": null, "ref_trav": "0.00", "asst1_trav": "0.00", "asst2_trav": "0.00", "ref_total": "0.00", "asst1_total": "0.00", "asst2_total": "0.00"}}, {"model": "matches.game", "pk": 24, "fields": {"age": 3, "competition": 1, "home_team": 4, "away_team": 3, "date_time": "2021-08-07T11:00:00Z", "venue": 4, "referee": 5, "asst_referee1": 1, "asst_referee2": 1, "ref_trav": "0.00", "asst1_trav": "0.00", "asst2_trav": "0.00", "ref_total": "0.00", "asst1_total": "0.00", "asst2_total": "0.00"}}, {"model": "matches.game", "pk": 25, "fields": {"age": 3, "competition": 1, "home_team": 7, "away_team": 2, "date_time": "2021-08-14T11:00:00Z", "venue": 2, "referee": 6, "asst_referee1": null, "asst_referee2": null, "ref_trav": "0.00", "asst1_trav": "0.00", "asst2_trav": "0.00", "ref_total": "11.00", "asst1_total": "0.00", "asst2_total": "0.00"}}, {"model": "matches.game", "pk": 26, "fields": {"age": 3, "competition": 1, "home_team": 1, "away_team": 8, "date_time": "2021-08-14T11:00:00Z", "venue": 8, "referee": 7, "asst_referee1": null, "asst_referee2": null, "ref_trav": "0.00", "asst1_trav": "0.00", "asst2_trav": "0.00", "ref_total": "11.00", "asst1_total": "0.00", "asst2_total": "0.00"}}, {"model": "matches.game", "pk": 27, "fields": {"age": 3, "competition": 1, "home_team": 6, "away_team": 3, "date_time": "2021-08-14T11:00:00Z", "venue": 6, "referee": 8, "asst_referee1": null, "asst_referee2": null, "ref_trav": "0.00", "asst1_trav": "0.00", "asst2_trav": "0.00", "ref_total": "11.00", "asst1_total": "0.00", "asst2_total": "0.00"}}, {"model": "matches.game", "pk": 28, "fields": {"age": 3, "competition": 1, "home_team": 5, "away_team": 4, "date_time": "2021-08-14T11:00:00Z", "venue": 3, "referee": 9, "asst_referee1": null, "asst_referee2": null, "ref_trav": "0.00", "asst1_trav": "0.00", "asst2_trav": "0.00", "ref_total": "11.00", "asst1_total": "0.00", "asst2_total": "0.00"}}, {"model": "matches.game", "pk": 32, "fields": {"age": 2, "competition": 2, "home_team": 12, "away_team": 13, "date_time": "2021-09-04T10:00:00Z", "venue": 4, "referee": 9, "asst_referee1": null, "asst_referee2": null, "ref_trav": "0.00", "asst1_trav": "0.00", "asst2_trav": "0.00", "ref_total": "5.00", "asst1_total": "0.00", "asst2_total": "0.00"}}, {"model": "matches.chat", "pk": 2, "fields": {"match": 1, "author": 3, "body": "Have contacted the away team and they are all set to play.\r\nThe pitch is not in great condition.", "image": "", "date": "2021-07-17T11:40:58.499Z"}}, {"model": "matches.chat", "pk": 4, "fields": {"match": 14, "author": 3, "body": "I have contacted the away team coach and they are all ready to play.\r\nThe pitch is not in the best condition.\r\nSee attached image.", "image": "pitch-1.jpg", "date": "2021-07-17T12:44:32.879Z"}}, {"model": "matches.chat", "pk": 5, "fields": {"match": 14, "author": 3, "body": "The pitch as started to dry up", "image": "", "date": "2021-07-17T13:13:52.604Z"}}, {"model": "matches.chat", "pk": 6, "fields": {"match": 14, "author": 5, "body": "Thanks for the information, let us review the pitch condition before the Kick off on Saturday.", "image": "", "date": "2021-07-18T11:06:25.832Z"}}, {"model": "matches.chat", "pk": 7, "fields": {"match": 14, "author": 5, "body": "Hi Gareth, thanks for the information.\r\nWe can review the pitch again before kick-off.\r\nSee you on Saturday.", "image": "", "date": "2021-07-18T11:26:16.561Z"}}, {"model": "matches.chat", "pk": 8, "fields": {"match": 1, "author": 4, "body": "I am the greatest referee", "image": "", "date": "2021-07-18T13:43:26.545Z"}}, {"model": "checkout.order", "pk": 48, "fields": {"order_number": "ED680A39580C4DCAB138749882A16924", "user_profile": 3, "full_name": "Gareth John", "email": "garethjohn760@gmail.com", "phone_number": "01242 444555", "street_address1": "1 Leckhampton Road", "street_address2": "Leckhampton", "town_or_city": "Cheltenham", "county_or_state": "Gloucestershire", "postcode": null, "country": "GB", "date": "2021-07-11T15:04:19.207Z", "grand_total": "11.00", "original_bag": "{\"14\": 1}", "stripe_pid": "pi_1JC4CBB2KPTgpLEATKFwbfIV"}}, {"model": "checkout.order", "pk": 49, "fields": {"order_number": "1755C85CD3B541018251B286E9E830DA", "user_profile": 3, "full_name": "Gareth John", "email": "garethjohn760@gmail.com", "phone_number": "01242 444555", "street_address1": "1 Leckhampton Road", "street_address2": "Leckhampton", "town_or_city": "Cheltenham", "county_or_state": "Gloucestershire", "postcode": null, "country": "GB", "date": "2021-07-12T08:36:14.486Z", "grand_total": "21.00", "original_bag": "{\"17\": 1}", "stripe_pid": "pi_1JCKcHB2KPTgpLEAFesrYLXd"}}, {"model": "checkout.orderlineitem", "pk": 55, "fields": {"order": 48, "match": 14, "payment_due_date": "2021-07-25T11:00:00Z", "match_fees": "11.00", "match_fines": "0.00", "lineitem_total": "11.00"}}, {"model": "checkout.orderlineitem", "pk": 56, "fields": {"order": 49, "match": 17, "payment_due_date": "2021-08-01T11:00:00Z", "match_fees": "21.00", "match_fines": "0.00", "lineitem_total": "21.00"}}, {"model": "profiles.userprofile", "pk": 1, "fields": {"user": 1, "role": "Admin", "profile_phone_number": "01234567890", "profile_street_address1": "4 Privett Drive", "profile_street_address2": null, "profile_town_or_city": "Little Whinging", "profile_county": "Surrey", "profile_postcode": "SA10  1AS", "profile_country": "GB"}}, {"model": "profiles.userprofile", "pk": 2, "fields": {"user": 2, "role": "Admin", "profile_phone_number": "+353 1 539 7973", "profile_street_address1": "('Blackrock Business Park',)", "profile_street_address2": "('Craysfort Ave',)", "profile_town_or_city": "('Dublin',)", "profile_county": "('Co. Dublin',)", "profile_postcode": null, "profile_country": null}}, {"model": "profiles.userprofile", "pk": 3, "fields": {"user": 3, "role": "Coach", "profile_phone_number": "01242 444555", "profile_street_address1": "1 Leckhampton Road", "profile_street_address2": "Leckhampton", "profile_town_or_city": "Cheltenham", "profile_county": "Gloucestershire", "profile_postcode": null, "profile_country": "GB"}}, {"model": "profiles.userprofile", "pk": 4, "fields": {"user": 4, "role": "Referee", "profile_phone_number": null, "profile_street_address1": null, "profile_street_address2": null, "profile_town_or_city": null, "profile_county": null, "profile_postcode": null, "profile_country": null}}, {"model": "profiles.userprofile", "pk": 5, "fields": {"user": 5, "role": "Referee", "profile_phone_number": null, "profile_street_address1": null, "profile_street_address2": null, "profile_town_or_city": null, "profile_county": null, "profile_postcode": null, "profile_country": null}}, {"model": "profiles.userprofile", "pk": 6, "fields": {"user": 6, "role": null, "profile_phone_number": null, "profile_street_address1": null, "profile_street_address2": null, "profile_town_or_city": null, "profile_county": null, "profile_postcode": null, "profile_country": null}}]